last_name,first_name,birthday,gender,type,state,party
Abercrombie,Neil,6/26/1938,M,Rep,HI,D
Ackerman,Gary,11/19/1942,M,Rep,NY,D
Aderholt,Robert,7/22/1965,M,Rep,AL,R
Akaka,Daniel,9/11/1924,M,Sen,HI,D
Allard,Wayne,12/2/1943,M,Sen,CO,R
Andrews,Robert,8/4/1957,M,Rep,NJ,D
Allen,Thomas,4/16/1945,,Rep,ME,D
Akin,W.,7/5/1947,M,Rep,MO,R
Alexander,Lamar,7/3/1940,M,Sen,TN,R
Alexander,Rodney,12/5/1946,M,Rep,LA,R
Altmire,Jason,3/7/1968,M,Rep,PA,D
Arcuri,Michael,6/11/1959,M,Rep,NY,D
Adler,John,8/23/1959,M,Rep,NJ,D
Austria,Steve,10/12/1958,M,Rep,OH,R
Adams,Sandy,12/14/1956,F,Rep,FL,R
Amash,Justin,4/18/1980,M,Rep,MI,R
Ayotte,Kelly,6/27/1968,F,Sen,NH,R
Amodei,Mark,6/12/1958,M,Rep,NV,R
Bachus,Spencer,12/28/1947,M,Rep,AL,R
Baker,Richard,5/22/1948,M,Rep,LA,R
Bartlett,Roscoe,6/3/1926,M,Rep,MD,R
Barton,Joe,9/15/1949,M,Rep,TX,R
Bass,Charles,1/8/1952,M,Rep,NH,R
Baucus,Max,12/11/1941,M,Sen,MT,D
Becerra,Xavier,1/26/1958,M,Rep,CA,D
Bennett,Robert,9/18/1933,M,Sen,UT,R
Berman,Howard,4/15/1941,,Rep,CA,D
Berry,Robert,8/27/1942,M,Rep,AR,D
Biden,Joseph,11/20/1942,M,Sen,DE,D
Bilbray,Brian,1/28/1951,M,Rep,CA,R
Bingaman,Jeff,10/3/1943,M,Sen,NM,D
Bishop,Sanford,2/4/1947,M,Rep,GA,D
Blumenauer,Earl,8/16/1948,M,Rep,OR,D
Blunt,Roy,1/10/1950,M,Sen,MO,R
Boehner,John,11/17/1949,M,Rep,OH,R
Bond,Christopher,3/6/1939,M,Sen,MO,R
Boswell,Leonard,1/10/1934,M,Rep,IA,D
Boucher,Frederick,8/1/1946,M,Rep,VA,D
Boxer,Barbara,11/11/1940,F,Sen,CA,D
Boyd,Allen,6/6/1945,M,Rep,FL,D
Brady,Kevin,4/11/1955,M,Rep,TX,R
Brown,Corrine,11/11/1946,F,Rep,FL,D
Brown,Sherrod,11/9/1952,,Sen,OH,D
Brownback,Samuel,9/12/1956,M,Sen,KS,R
Bunning,Jim,10/23/1931,M,Sen,KY,R
Burr,Richard,11/30/1955,M,Sen,NC,R
Burton,Dan,6/21/1938,M,Rep,IN,R
Buyer,Stephen,11/26/1958,M,Rep,IN,R
Byrd,Robert,11/20/1917,M,Sen,WV,D
Brady,Robert,4/7/1945,M,Rep,PA,D
Bono Mack,Mary,10/24/1961,F,Rep,CA,R
Baird,Brian,3/7/1956,M,Rep,WA,D
Baldwin,Tammy,2/11/1962,F,Sen,WI,D
Berkley,Shelley,1/20/1951,F,Rep,NV,D
Biggert,Judy,8/15/1937,F,Rep,IL,R
Bayh,Evan,12/26/1955,M,Sen,IN,D
Baca,Joe,1/23/1947,M,Rep,CA,D
Brown,Henry,12/20/1935,M,Rep,SC,R
Boozman,John,12/10/1950,M,Sen,AR,R
Barrett,James,2/14/1961,M,Rep,SC,R
Bishop,Timothy,6/1/1950,M,Rep,NY,D
Blackburn,Marsha,6/6/1952,F,Rep,TN,R
Bonner,Jo,11/19/1959,M,Rep,AL,R
Bordallo,Madeleine,5/31/1933,F,Rep,GU,D
Brown-Waite,Virginia,10/5/1943,F,Rep,FL,R
Burgess,Michael,12/23/1950,M,Rep,TX,R
Bishop,Rob,7/13/1951,M,Rep,UT,R
Butterfield,George,4/27/1947,M,Rep,NC,D
Barrow,John,10/31/1955,M,Rep,GA,D
Bean,Melissa,1/22/1962,F,Rep,IL,D
Boren,Dan,8/2/1973,M,Rep,OK,D
Boustany,Charles,2/21/1956,,Rep,LA,R
Bachmann,Michele,4/6/1956,F,Rep,MN,R
Bilirakis,Gus,2/8/1963,M,Rep,FL,R
Boyda,Nancy,8/2/1955,F,Rep,KS,D
Braley,Bruce,10/30/1957,M,Rep,IA,D
Buchanan,Vern,5/8/1951,M,Rep,FL,R
Barrasso,John,7/21/1952,M,Sen,WY,R
Broun,Paul,5/14/1946,M,Rep,GA,R
Boccieri,John,10/5/1969,M,Rep,OH,D
Bright,Bobby,7/21/1952,M,Rep,AL,D
Begich,Mark,3/30/1962,M,Sen,AK,D
Burris,Roland,8/3/1937,M,Sen,IL,D
Bennet,Michael,11/28/1964,M,Sen,CO,D
Brown,Scott,9/12/1959,M,Sen,MA,R
Barletta,Lou,1/28/1956,M,Rep,PA,R
Bass,Karen,10/3/1953,F,Rep,CA,D
Benishek,Dan,4/20/1952,M,Rep,MI,R
Berg,Rick,8/16/1959,M,Rep,ND,R
Black,Diane,1/16/1951,F,Rep,TN,R
Brooks,Mo,4/29/1954,M,Rep,AL,R
Bucshon,Larry,5/31/1962,M,Rep,IN,R
Buerkle,Ann Marie,5/8/1951,F,Rep,NY,R
Blumenthal,Richard,2/13/1946,M,Sen,CT,D
Bonamici,Suzanne,10/14/1954,,Rep,OR,D
Barber,Ron,8/25/1945,M,Rep,AZ,D
Bentivolio,Kerry,10/6/1951,M,Rep,MI,R
Beatty,Joyce,3/12/1950,F,Rep,OH,D
Barr,Garland,7/24/1973,M,Rep,KY,R
Bridenstine,Jim,6/15/1975,M,Rep,OK,R
Brooks,Susan,8/25/1960,F,Rep,IN,R
Brownley,Julia,8/28/1952,F,Rep,CA,D
Bustos,Cheri,10/17/1961,F,Rep,IL,D
Bera,Ami,3/2/1965,M,Rep,CA,D
Calvert,Ken,6/8/1953,M,Rep,CA,R
Camp,Dave,7/9/1953,M,Rep,MI,R
Cannon,Christopher,10/20/1950,M,Rep,UT,R
Cantwell,Maria,10/13/1958,F,Sen,WA,D
Cardin,Benjamin,10/5/1943,M,Sen,MD,D
Carper,Thomas,1/23/1947,M,Sen,DE,D
Carson,Julia,7/8/1938,F,Rep,IN,D
Castle,Michael,7/2/1939,M,Rep,DE,R
Chabot,Steve,1/22/1953,M,Rep,OH,R
Chambliss,Saxby,11/10/1943,M,Sen,GA,R
Christensen,Donna,9/19/1945,F,Rep,VI,D
Clyburn,James,7/21/1940,M,Rep,SC,D
Coats,Daniel,5/16/1943,M,Sen,IN,R
Coble,Howard,3/18/1931,M,Rep,NC,R
Coburn,Thomas,3/14/1948,M,Sen,OK,R
Cochran,Thad,12/7/1937,M,Sen,MS,R
Conrad,Kent,3/12/1948,M,Sen,ND,D
Conyers,John,5/16/1929,M,Rep,MI,D
Cooper,Jim,6/19/1954,M,Rep,TN,D
Costello,Jerry,9/25/1949,M,Rep,IL,D
Craig,Larry,7/20/1945,M,Sen,ID,R
Cramer,Robert,8/22/1947,M,Rep,AL,D
Crapo,Michael,5/20/1951,M,Sen,ID,R
Cubin,Barbara,11/30/1946,F,Rep,WY,R
Cummings,Elijah,1/18/1951,M,Rep,MD,D
Collins,Susan,12/7/1952,F,Sen,ME,R
Capps,Lois,1/10/1938,F,Rep,CA,D
Capuano,Michael,1/9/1952,M,Rep,MA,D
Crowley,Joseph,3/16/1962,M,Rep,NY,D
Clinton,Hillary,10/26/1947,F,Sen,NY,D
Crenshaw,Ander,9/1/1944,M,Rep,FL,R
Cantor,Eric,6/6/1963,M,Rep,VA,R
Capito,Shelley,11/26/1953,,Rep,WV,R
Culberson,John,8/24/1956,M,Rep,TX,R
Clay,Wm.,7/27/1956,M,Rep,MO,D
Cardoza,Dennis,3/31/1959,M,Rep,CA,D
Carter,John,11/6/1941,M,Rep,TX,R
Cole,Tom,4/28/1949,M,Rep,OK,R
Cornyn,John,2/2/1952,M,Sen,TX,R
Coleman,Norm,8/17/1949,M,Sen,MN,R
Chandler,Ben,9/12/1959,M,Rep,KY,D
Costa,Jim,4/13/1952,M,Rep,CA,D
Carnahan,Russ,7/10/1958,M,Rep,MO,D
Cleaver,Emanuel,10/26/1944,M,Rep,MO,D
Conaway,K.,6/11/1948,M,Rep,TX,R
Cuellar,Henry,9/19/1955,M,Rep,TX,D
Campbell,John,7/19/1955,M,Rep,CA,R
Carney,Christopher,3/2/1959,M,Rep,PA,D
Castor,Kathy,8/20/1966,F,Rep,FL,D
Clarke,Yvette,11/21/1964,F,Rep,NY,D
Cohen,Steve,5/24/1949,M,Rep,TN,D
Courtney,Joe,4/6/1953,M,Rep,CT,D
Casey,Robert,4/13/1960,M,Sen,PA,D
Corker,Bob,8/24/1952,M,Sen,TN,R
Carson,André,10/16/1974,M,Rep,IN,D
Cazayoux,Donald,1/17/1964,M,Rep,LA,D
Childers,Travis,3/29/1958,M,Rep,MS,D
Cassidy,Bill,9/28/1957,M,Rep,LA,R
Chaffetz,Jason,3/26/1967,M,Rep,UT,R
Coffman,Mike,3/19/1955,M,Rep,CO,R
Connolly,Gerald,3/30/1950,M,Rep,VA,D
Cao,Anh,3/13/1967,M,Rep,LA,R
Chu,Judy,7/7/1953,F,Rep,CA,D
Critz,Mark,1/5/1962,M,Rep,PA,D
Canseco,Francisco,7/30/1949,M,Rep,TX,R
Carney,John,5/20/1956,M,Rep,DE,D
Cicilline,David,7/15/1961,M,Rep,RI,D
Clarke,Hansen,3/2/1957,M,Rep,MI,D
Cravaack,Chip,12/29/1959,M,Rep,MN,R
Crawford,Eric,1/22/1966,M,Rep,AR,R
Coons,Chris,9/9/1963,M,Sen,DE,D
Cartwright,Matthew,5/1/1961,M,Rep,PA,D
Castro,Joaquin,9/16/1974,M,Rep,TX,D
Collins,Chris,5/20/1950,M,Rep,NY,R
Collins,Doug,8/16/1966,M,Rep,GA,R
Cook,Paul,3/3/1943,M,Rep,CA,R
Cotton,Tom,5/13/1977,M,Rep,AR,R
Cramer,Kevin,1/21/1961,M,Rep,ND,R
Cárdenas,Tony,3/31/1963,M,Rep,CA,D
Cruz,Ted,12/22/1970,M,Sen,TX,R
Cowan,William,4/4/1969,M,Sen,MA,D
Davis,Danny,9/6/1941,M,Rep,IL,D
Davis,Thomas,1/5/1949,M,Rep,VA,R
Deal,Nathan,8/25/1942,M,Rep,GA,R
DeFazio,Peter,5/27/1947,M,Rep,OR,D
DeGette,Diana,7/29/1957,F,Rep,CO,D
Delahunt,William,7/18/1941,M,Rep,MA,D
DeLauro,Rosa,3/2/1943,F,Rep,CT,D
Diaz-Balart,Lincoln,8/13/1954,M,Rep,FL,R
Dicks,Norman,12/16/1940,M,Rep,WA,D
Dingell,John,7/8/1926,M,Rep,MI,D
Dodd,Christopher,5/27/1944,M,Sen,CT,D
Doggett,Lloyd,10/6/1946,M,Rep,TX,D
Domenici,Pete,5/7/1932,M,Sen,NM,R
Doolittle,John,10/30/1950,M,Rep,CA,R
Dorgan,Byron,5/14/1942,M,Sen,ND,D
Doyle,Michael,8/5/1953,M,Rep,PA,D
Dreier,David,7/5/1952,M,Rep,CA,R
Duncan,John,7/21/1947,M,Rep,TN,R
Durbin,Richard,11/21/1944,M,Sen,IL,D
DeMint,Jim,9/2/1951,M,Sen,SC,R
Davis,Jo Ann,6/29/1950,F,Rep,VA,R
Davis,Susan,4/13/1944,F,Rep,CA,D
Davis,Lincoln,9/13/1943,M,Rep,TN,D
Diaz-Balart,Mario,9/25/1961,M,Rep,FL,R
Dole,Elizabeth,7/29/1936,F,Sen,NC,R
Davis,Artur,10/9/1967,M,Rep,AL,D
Davis,Geoff,10/26/1958,M,Rep,KY,R
Dent,Charles,5/24/1960,M,Rep,PA,R
Drake,Thelma,11/20/1949,F,Rep,VA,R
Davis,David,11/6/1959,M,Rep,TN,R
Donnelly,Joe,9/28/1955,M,Sen,IN,D
Dahlkemper,Kathleen,12/10/1957,F,Rep,PA,D
Driehaus,Steve,6/24/1966,M,Rep,OH,D
Deutch,Theodore,5/7/1966,M,Rep,FL,D
Djou,Charles,8/9/1970,M,Rep,HI,R
Denham,Jeff,7/29/1967,M,Rep,CA,R
Dold,Bob,6/23/1969,M,Rep,IL,R
Duffy,Sean,10/3/1971,M,Rep,WI,R
Duncan,Jeff,1/7/1966,M,Rep,SC,R
DesJarlais,Scott,2/21/1964,M,Rep,TN,R
DelBene,Suzan,2/17/1962,F,Rep,WA,D
Daines,Steve,8/20/1962,M,Rep,MT,R
Davis,Rodney,1/5/1970,M,Rep,IL,R
Delaney,John,4/16/1963,M,Rep,MD,D
DeSantis,Ron,9/14/1978,M,Rep,FL,R
Duckworth,Tammy,3/12/1968,F,Rep,IL,D
Edwards,Thomas,11/24/1951,M,Rep,TX,D
Ehlers,Vernon,2/6/1934,M,Rep,MI,R
Emerson,Jo Ann,9/16/1950,F,Rep,MO,R
Engel,Eliot,2/18/1947,M,Rep,NY,D
English,Philip,6/20/1956,M,Rep,PA,R
Ensign,John,3/25/1958,M,Sen,NV,R
Eshoo,Anna,12/13/1942,F,Rep,CA,D
Etheridge,Bob,8/7/1941,M,Rep,NC,D
Everett,Terry,2/15/1937,M,Rep,AL,R
Enzi,Michael,2/1/1944,M,Sen,WY,R
Emanuel,Rahm,11/29/1959,M,Rep,IL,D
Ellison,Keith,8/4/1963,M,Rep,MN,D
Ellsworth,Brad,9/11/1958,M,Rep,IN,D
Edwards,Donna,6/28/1958,F,Rep,MD,D
Ellmers,Renee,2/9/1964,F,Rep,NC,R
Enyart,William,9/22/1949,M,Rep,IL,D
Esty,Elizabeth,8/25/1959,F,Rep,CT,D
Faleomavaega,Eni,8/15/1943,M,Rep,AS,D
Farr,Sam,7/4/1941,M,Rep,CA,D
Fattah,Chaka,11/21/1956,M,Rep,PA,D
Feingold,Russell,3/2/1953,M,Sen,WI,D
Feinstein,Dianne,6/22/1933,F,Sen,CA,D
Filner,Bob,9/4/1942,M,Rep,CA,D
Frank,Barney,3/31/1940,M,Rep,MA,D
Frelinghuysen,Rodney,4/29/1946,M,Rep,NJ,R
Fossella,Vito,3/9/1965,M,Rep,NY,R
Ferguson,Michael,6/22/1970,M,Rep,NJ,R
Flake,Jeff,12/31/1962,M,Sen,AZ,R
Forbes,J.,2/17/1952,M,Rep,VA,R
Feeney,Tom,5/21/1958,M,Rep,FL,R
Franks,Trent,6/19/1957,M,Rep,AZ,R
Fortenberry,Jeff,12/27/1960,M,Rep,NE,R
Foxx,Virginia,6/29/1943,F,Rep,NC,R
Fitzpatrick,Michael,6/28/1963,M,Rep,PA,R
Fortuño,Luis,10/31/1960,M,Rep,PR,R
Fallin,Mary,12/9/1954,F,Rep,OK,R
Foster,Bill,10/7/1955,M,Rep,IL,D
Fudge,Marcia,10/29/1952,F,Rep,OH,D
Fleming,John,7/5/1951,M,Rep,LA,R
Franken,Alan,5/21/1951,M,Sen,MN,D
Fincher,Stephen,2/7/1973,M,Rep,TN,R
Fleischmann,Charles,10/11/1962,M,Rep,TN,R
Farenthold,Blake,12/12/1962,M,Rep,TX,R
Flores,Bill,2/25/1954,M,Rep,TX,R
Frankel,Lois,5/16/1948,F,Rep,FL,D
Fischer,Deb,3/1/1951,F,Sen,NE,R
Gallegly,Elton,3/7/1944,M,Rep,CA,R
Gilchrest,Wayne,4/15/1946,M,Rep,MD,R
Gillmor,Paul,2/1/1939,M,Rep,OH,R
Goode,Virgil,10/17/1946,M,Rep,VA,R
Goodlatte,Bob,9/22/1952,M,Rep,VA,R
Gordon,Barton,1/24/1949,M,Rep,TN,D
Graham,Lindsey,7/9/1955,M,Sen,SC,R
Granger,Kay,1/18/1943,F,Rep,TX,R
Grassley,Charles,9/17/1933,M,Sen,IA,R
Green,Gene,10/17/1947,M,Rep,TX,D
Gregg,Judd,2/14/1947,M,Sen,NH,R
Gutierrez,Luis,12/10/1953,M,Rep,IL,D
Gonzalez,Charles,5/5/1945,M,Rep,TX,D
Graves,Sam,11/7/1963,M,Rep,MO,R
Garrett,Scott,7/9/1959,M,Rep,NJ,R
Gerlach,Jim,2/25/1955,M,Rep,PA,R
Gingrey,Phil,7/10/1942,M,Rep,GA,R
Grijalva,Raúl,2/19/1948,M,Rep,AZ,D
Gohmert,Louie,8/18/1953,M,Rep,TX,R
Green,Al,9/1/1947,M,Rep,TX,D
Giffords,Gabrielle,6/8/1970,F,Rep,AZ,D
Gillibrand,Kirsten,12/9/1966,F,Sen,NY,D
Grayson,Alan,3/13/1958,M,Rep,FL,D
Griffith,Parker,8/6/1942,M,Rep,AL,R
Guthrie,Brett,2/18/1964,M,Rep,KY,R
Garamendi,John,1/24/1945,M,Rep,CA,D
Graves,Tom,2/3/1970,M,Rep,GA,R
Goodwin,Carte,2/27/1974,M,Sen,WV,D
Gardner,Cory,8/22/1974,M,Rep,CO,R
Gibbs,Bob,6/14/1954,M,Rep,OH,R
Gibson,Christopher,5/13/1964,M,Rep,NY,R
Gosar,Paul,11/22/1958,M,Rep,AZ,R
Gowdy,Trey,8/22/1964,M,Rep,SC,R
Griffin,Tim,8/21/1968,M,Rep,AR,R
Griffith,H.,3/15/1958,M,Rep,VA,R
Grimm,Michael,2/7/1970,M,Rep,NY,R
Guinta,Frank,9/26/1970,M,Rep,NH,R
Gabbard,Tulsi,4/12/1981,F,Rep,HI,D
Gallego,Pete,12/2/1961,M,Rep,TX,D
Garcia,Joe,10/19/1963,M,Rep,FL,D
Hall,Ralph,5/3/1923,M,Rep,TX,R
Harkin,Thomas,11/19/1939,M,Sen,IA,D
Harman,Jane,6/28/1945,F,Rep,CA,D
Hastert,J.,1/2/1942,M,Rep,IL,R
Hastings,Alcee,9/5/1936,M,Rep,FL,D
Hastings,Doc,2/7/1941,M,Rep,WA,R
Hatch,Orrin,3/22/1934,M,Sen,UT,R
Herger,Walter,5/20/1945,M,Rep,CA,R
Hinchey,Maurice,10/27/1938,M,Rep,NY,D
Hinojosa,Rubén,8/20/1940,M,Rep,TX,D
Hobson,David,10/17/1936,M,Rep,OH,R
Hoekstra,Peter,10/30/1953,M,Rep,MI,R
Holden,Tim,3/5/1957,M,Rep,PA,D
Hooley,Darlene,4/4/1939,F,Rep,OR,D
Hoyer,Steny,6/14/1939,M,Rep,MD,D
Hulshof,Kenny,5/22/1958,M,Rep,MO,R
Hunter,Duncan,5/31/1948,M,Rep,CA,R
Hutchison,Kay,7/22/1943,F,Sen,TX,R
Hagel,Charles,10/4/1946,M,Sen,NE,R
Hayes,Robin,8/14/1945,M,Rep,NC,R
Hill,Baron,6/23/1953,M,Rep,IN,D
Holt,Rush,10/15/1948,M,Rep,NJ,D
Honda,Michael,6/27/1941,M,Rep,CA,D
Hensarling,Jeb,5/29/1957,M,Rep,TX,R
Herseth Sandlin,Stephanie,12/3/1970,F,Rep,SD,D
Higgins,Brian,10/6/1959,M,Rep,NY,D
Hall,John,7/23/1948,M,Rep,NY,D
Hare,Phil,2/21/1949,M,Rep,IL,D
Heller,Dean,5/10/1960,M,Sen,NV,R
Hirono,Mazie,11/3/1947,F,Sen,HI,D
Hodes,Paul,3/21/1951,M,Rep,NH,D
Halvorson,Deborah,3/1/1958,F,Rep,IL,D
Harper,Gregg,6/1/1956,M,Rep,MS,R
Heinrich,Martin,10/17/1971,M,Sen,NM,D
Himes,James,7/5/1966,M,Rep,CT,D
Hunter,Duncan,12/7/1976,M,Rep,CA,R
Hagan,Kay,5/26/1953,F,Sen,NC,D
Hanabusa,Colleen,5/4/1951,F,Rep,HI,D
Hanna,Richard,1/25/1951,M,Rep,NY,R
Harris,Andy,1/25/1957,M,Rep,MD,R
Hartzler,Vicky,10/13/1960,F,Rep,MO,R
Hayworth,Nan,12/14/1959,F,Rep,NY,R
Heck,Joseph,10/30/1961,M,Rep,NV,R
Herrera Beutler,Jaime,11/3/1978,F,Rep,WA,R
Huelskamp,Tim,11/11/1968,M,Rep,KS,R
Huizenga,Bill,1/31/1969,M,Rep,MI,R
Hultgren,Randy,3/1/1966,M,Rep,IL,R
Hurt,Robert,6/16/1969,M,Rep,VA,R
Hoeven,John,3/13/1957,M,Sen,ND,R
Hochul,Kathleen,8/27/1958,F,Rep,NY,D
Hahn,Janice,3/30/1952,F,Rep,CA,D
Heck,Denny,7/29/1952,M,Rep,WA,D
Holding,George,4/17/1968,M,Rep,NC,R
Horsford,Steven,4/29/1973,M,Rep,NV,D
Hudson,Richard,11/4/1971,M,Rep,NC,R
Huffman,Jared,2/18/1964,M,Rep,CA,D
Heitkamp,Heidi,10/30/1955,F,Sen,ND,D
Inglis,Bob,10/11/1959,M,Rep,SC,R
Inhofe,James,11/17/1934,M,Sen,OK,R
Inouye,Daniel,9/7/1924,M,Sen,HI,D
Inslee,Jay,2/9/1951,M,Rep,WA,D
Isakson,John,12/28/1944,M,Sen,GA,R
Issa,Darrell,11/1/1953,M,Rep,CA,R
Israel,Steve,5/30/1958,M,Rep,NY,D
Jackson Lee,Sheila,1/12/1950,F,Rep,TX,D
Jefferson,William,3/14/1947,M,Rep,LA,D
Johnson,Eddie,12/3/1935,F,Rep,TX,D
Johnson,Sam,10/11/1930,M,Rep,TX,R
Johnson,Tim,12/28/1946,M,Sen,SD,D
Jones,Walter,2/10/1943,M,Rep,NC,R
Jackson,Jesse,3/11/1965,M,Rep,IL,D
Jones,Stephanie,9/10/1949,F,Rep,OH,D
Johnson,Timothy,7/23/1946,M,Rep,IL,R
Jindal,Bobby,6/10/1971,M,Rep,LA,R
Johnson,Henry,10/2/1954,M,Rep,GA,D
Jordan,Jim,2/17/1964,M,Rep,OH,R
Jenkins,Lynn,6/10/1963,F,Rep,KS,R
Johanns,Mike,6/18/1950,M,Sen,NE,R
Johnson,Bill,11/10/1954,M,Rep,OH,R
Johnson,Ron,4/8/1955,M,Sen,WI,R
Jeffries,Hakeem,8/4/1970,M,Rep,NY,D
Joyce,David,3/17/1957,M,Rep,OH,R
Kanjorski,Paul,4/2/1937,M,Rep,PA,D
Kaptur,Marcy,6/17/1946,F,Rep,OH,D
Kennedy,Edward,2/22/1932,M,Sen,MA,D
Kennedy,Patrick,7/14/1967,M,Rep,RI,D
Kerry,John,12/11/1943,M,Sen,MA,D
Kildee,Dale,9/16/1929,M,Rep,MI,D
Kilpatrick,Carolyn,6/25/1945,F,Rep,MI,D
Kind,Ron,3/16/1963,M,Rep,WI,D
King,Peter,4/5/1944,M,Rep,NY,R
Kingston,Jack,4/24/1955,M,Rep,GA,R
Knollenberg,Joseph,11/28/1933,M,Rep,MI,R
Kohl,Herbert,2/7/1935,M,Sen,WI,D
Kucinich,Dennis,10/8/1946,M,Rep,OH,D
Kyl,Jon,4/25/1942,M,Sen,AZ,R
Kirk,Mark,9/15/1959,M,Sen,IL,R
Keller,Ric,9/5/1964,M,Rep,FL,R
King,Steve,5/28/1949,M,Rep,IA,R
Kline,John,9/6/1947,M,Rep,MN,R
Kuhl,John,4/19/1943,M,Rep,NY,R
Kagen,Steve,12/12/1949,M,Rep,WI,D
Klein,Ron,7/10/1957,M,Rep,FL,D
Klobuchar,Amy,5/25/1960,F,Sen,MN,D
Kirkpatrick,Ann,3/24/1950,F,Rep,AZ,D
Kissell,Larry,1/31/1951,M,Rep,NC,D
Kosmas,Suzanne,2/25/1944,F,Rep,FL,D
Kratovil,Frank,5/29/1968,M,Rep,MD,D
Kilroy,Mary Jo,4/30/1949,F,Rep,OH,D
Kaufman,Edward,3/15/1939,M,Sen,DE,D
Kirk,Paul,1/18/1938,M,Sen,MA,D
Keating,William,9/6/1952,M,Rep,MA,D
Kelly,Mike,5/10/1948,M,Rep,PA,R
Kinzinger,Adam,2/27/1978,M,Rep,IL,R
Kennedy,Joseph,10/4/1980,M,Rep,MA,D
Kildee,Daniel,8/11/1958,M,Rep,MI,D
Kilmer,Derek,1/1/1974,M,Rep,WA,D
Kuster,Ann,9/5/1956,F,Rep,NH,D
King,Angus,3/31/1944,M,Sen,ME,I
Kaine,Timothy,2/26/1958,M,Sen,VA,D
Lincoln,Blanche,9/30/1960,F,Sen,AR,D
Lampson,Nicholas,2/14/1945,M,Rep,TX,D
Lantos,Tom,2/1/1928,M,Rep,CA,D
Latham,Tom,7/14/1948,M,Rep,IA,R
Lautenberg,Frank,1/23/1924,M,Sen,NJ,D
Leahy,Patrick,3/31/1940,M,Sen,VT,D
Levin,Carl,6/28/1934,M,Sen,MI,D
Levin,Sander,9/6/1931,M,Rep,MI,D
Lewis,Jerry,10/21/1934,M,Rep,CA,R
Lewis,John,2/21/1940,M,Rep,GA,D
Lewis,Ron,9/14/1946,M,Rep,KY,R
Lieberman,Joseph,2/24/1942,M,Sen,CT,I
Linder,John,9/9/1942,M,Rep,GA,R
Lofgren,Zoe,12/21/1947,F,Rep,CA,D
Lowey,Nita,7/5/1937,F,Rep,NY,D
Lucas,Frank,1/6/1960,M,Rep,OK,R
Lugar,Richard,4/4/1932,M,Sen,IN,R
Lungren,Daniel,9/22/1946,M,Rep,CA,R
Landrieu,Mary,11/23/1955,F,Sen,LA,D
Lee,Barbara,7/16/1946,F,Rep,CA,D
LaHood,Ray,12/6/1945,M,Rep,IL,R
LaTourette,Steven,7/22/1954,M,Rep,OH,R
LoBiondo,Frank,5/12/1946,M,Rep,NJ,R
Larson,John,7/22/1948,M,Rep,CT,D
Langevin,James,4/22/1964,M,Rep,RI,D
Larsen,Rick,6/15/1965,M,Rep,WA,D
Lynch,Stephen,3/31/1955,M,Rep,MA,D
Lipinski,Daniel,7/15/1966,M,Rep,IL,D
Lamborn,Doug,5/24/1954,M,Rep,CO,R
Loebsack,David,12/23/1952,M,Rep,IA,D
Latta,Robert,4/18/1956,M,Rep,OH,R
Lance,Leonard,6/25/1952,M,Rep,NJ,R
Lee,Christopher,4/1/1964,M,Rep,NY,R
Luetkemeyer,Blaine,5/7/1952,M,Rep,MO,R
Luján,Ben,6/7/1972,M,Rep,NM,D
Lummis,Cynthia,9/10/1954,F,Rep,WY,R
LeMieux,George,5/21/1969,M,Sen,FL,R
Labrador,Raúl,12/8/1967,M,Rep,ID,R
Landry,Jeff,12/23/1970,M,Rep,LA,R
Lankford,James,3/4/1968,M,Rep,OK,R
Long,Billy,8/11/1955,M,Rep,MO,R
Lee,Mike,6/4/1971,M,Sen,UT,R
LaMalfa,Doug,7/2/1960,M,Rep,CA,R
Lowenthal,Alan,3/8/1941,M,Rep,CA,D
Lujan Grisham,Michelle,10/24/1959,F,Rep,NM,D
Maloney,Carolyn,2/19/1946,F,Rep,NY,D
Markey,Edward,7/11/1946,M,Rep,MA,D
McCain,John,8/29/1936,M,Sen,AZ,R
McCarthy,Carolyn,1/5/1944,F,Rep,NY,D
McGovern,James,11/20/1959,M,Rep,MA,D
McConnell,Mitch,2/20/1942,M,Sen,KY,R
McCrery,James,9/18/1949,M,Rep,LA,R
McDermott,Jim,12/28/1936,M,Rep,WA,D
McHugh,John,9/29/1948,M,Rep,NY,R
McIntyre,Mike,8/6/1956,M,Rep,NC,D
McKeon,Howard,9/9/1938,M,Rep,CA,R
McNulty,Michael,9/16/1947,M,Rep,NY,D
Meehan,Martin,12/30/1956,M,Rep,MA,D
Menéndez,Robert,1/1/1954,M,Sen,NJ,D
Mica,John,1/27/1943,M,Rep,FL,R
Mikulski,Barbara,7/20/1936,F,Sen,MD,D
Millender-McDonald,Juanita,9/7/1938,F,Rep,CA,D
Miller,George,5/17/1945,M,Rep,CA,D
Mollohan,Alan,5/14/1943,M,Rep,WV,D
Moran,James,5/16/1945,M,Rep,VA,D
Moran,Jerry,5/29/1954,M,Sen,KS,R
Murray,Patty,10/11/1950,F,Sen,WA,D
Murtha,John,6/17/1932,M,Rep,PA,D
Myrick,Sue,8/1/1941,F,Rep,NC,R
Meeks,Gregory,9/25/1953,M,Rep,NY,D
Manzullo,Donald,3/24/1944,M,Rep,IL,R
Miller,Gary,10/16/1948,M,Rep,CA,R
Moore,Dennis,11/8/1945,M,Rep,KS,D
Matheson,Jim,3/21/1960,M,Rep,UT,D
McCollum,Betty,7/12/1954,F,Rep,MN,D
Miller,Jeff,6/27/1959,M,Rep,FL,R
Marshall,James,3/31/1948,M,Rep,GA,D
McCotter,Thaddeus,8/22/1965,M,Rep,MI,R
Meek,Kendrick,9/6/1966,M,Rep,FL,D
Michaud,Michael,1/18/1955,M,Rep,ME,D
Miller,Candice,5/7/1954,F,Rep,MI,R
Murphy,Tim,9/11/1952,M,Rep,PA,R
Musgrave,Marilyn,1/27/1949,F,Rep,CO,R
Murkowski,Lisa,5/22/1957,F,Sen,AK,R
Miller,R.,5/19/1953,M,Rep,NC,D
Mack,Connie,8/12/1967,M,Rep,FL,R
McHenry,Patrick,10/22/1975,M,Rep,NC,R
McCaul,Michael,1/14/1962,M,Rep,TX,R
Marchant,Kenny,2/23/1951,M,Rep,TX,R
McMorris Rodgers,Cathy,5/22/1969,F,Rep,WA,R
Moore,Gwen,4/18/1951,F,Rep,WI,D
Melancon,Charles,10/3/1947,M,Rep,LA,D
Martinez,Mel,10/23/1946,M,Sen,FL,R
Matsui,Doris,9/25/1944,F,Rep,CA,D
Mahoney,Tim,8/15/1956,M,Rep,FL,D
McCarthy,Kevin,1/26/1965,M,Rep,CA,R
McNerney,Jerry,6/18/1951,M,Rep,CA,D
Mitchell,Harry,7/18/1940,M,Rep,AZ,D
Murphy,Patrick,10/19/1973,M,Rep,PA,D
Murphy,Christopher,8/3/1973,M,Sen,CT,D
McCaskill,Claire,7/24/1953,F,Sen,MO,D
Maffei,Daniel,7/4/1968,M,Rep,NY,D
Markey,Betsy,4/27/1956,F,Rep,CO,D
Massa,Eric,9/16/1959,M,Rep,NY,D
McMahon,Michael,9/12/1957,M,Rep,NY,D
Minnick,Walter,9/20/1942,M,Rep,ID,D
Merkley,Jeff,10/24/1956,M,Sen,OR,D
McClintock,Tom,7/10/1956,M,Rep,CA,R
Murphy,Scott,1/26/1970,M,Rep,NY,D
Marino,Tom,8/15/1952,M,Rep,PA,R
McKinley,David,3/28/1947,M,Rep,WV,R
Meehan,Patrick,10/20/1955,M,Rep,PA,R
Mulvaney,Mick,7/21/1967,M,Rep,SC,R
Manchin,Joe,8/24/1947,M,Sen,WV,D
Massie,Thomas,1/13/1971,M,Rep,KY,R
Maloney,Sean,7/30/1966,M,Rep,NY,D
Meadows,Mark,7/28/1959,M,Rep,NC,R
Meng,Grace,10/1/1975,F,Rep,NY,D
Messer,Luke,2/27/1969,M,Rep,IN,R
Mullin,Markwayne,7/26/1977,M,Rep,OK,R
Murphy,Patrick,3/30/1983,M,Rep,FL,D
Nadler,Jerrold,6/13/1947,M,Rep,NY,D
Neal,Richard,2/14/1949,M,Rep,MA,D
Nelson,Bill,9/29/1942,M,Sen,FL,D
Nolan,Richard,12/17/1943,M,Rep,MN,D
Norton,Eleanor,6/13/1937,F,Rep,DC,D
Norwood,Charles,7/27/1941,M,Rep,GA,R
Napolitano,Grace,12/4/1936,F,Rep,CA,D
Nelson,Ben,5/17/1941,M,Sen,NE,D
Nunes,Devin,10/1/1973,M,Rep,CA,R
Neugebauer,Randy,12/24/1949,M,Rep,TX,R
Nye,Glenn,9/9/1974,M,Rep,VA,D
Noem,Kristi,11/30/1971,F,Rep,SD,R
Nugent,Richard,5/26/1951,M,Rep,FL,R
Nunnelee,Alan,10/9/1958,M,Rep,MS,R
Negrete McLeod,Gloria,9/6/1941,F,Rep,CA,D
Oberstar,James,9/10/1934,M,Rep,MN,D
Obey,David,10/3/1938,M,Rep,WI,D
Olver,John,9/3/1936,M,Rep,MA,D
Ortiz,Solomon,6/3/1937,M,Rep,TX,D
Obama,Barack,8/4/1961,M,Sen,IL,D
Olson,Pete,12/9/1962,M,Rep,TX,R
Owens,William,1/20/1949,M,Rep,NY,D
O'Rourke,Beto,9/26/1972,M,Rep,TX,D
Pallone,Frank,10/30/1951,M,Rep,NJ,D
Pascrell,Bill,1/25/1937,M,Rep,NJ,D
Pastor,Ed,6/28/1943,M,Rep,AZ,D
Payne,Donald,7/16/1934,M,Rep,NJ,D
Pelosi,Nancy,3/26/1940,F,Rep,CA,D
Peterson,Collin,6/29/1944,M,Rep,MN,D
Peterson,John,12/25/1938,M,Rep,PA,R
Petri,Thomas,5/28/1940,M,Rep,WI,R
Pickering,Charles,8/10/1963,M,Rep,MS,R
Pitts,Joseph,10/10/1939,M,Rep,PA,R
Pomeroy,Earl,9/2/1952,M,Rep,ND,D
Portman,Robert,12/19/1955,M,Sen,OH,R
Price,David,8/17/1940,M,Rep,NC,D
Pryce,Deborah,7/29/1951,F,Rep,OH,R
Paul,Ronald,8/20/1935,M,Rep,TX,R
Platts,Todd,3/5/1962,M,Rep,PA,R
Putnam,Adam,7/31/1974,M,Rep,FL,R
Pence,Mike,6/7/1959,M,Rep,IN,R
Pearce,Stevan,8/24/1947,M,Rep,NM,R
Porter,Jon,5/16/1955,M,Rep,NV,R
Pryor,Mark,1/10/1963,M,Sen,AR,D
Price,Tom,10/8/1954,M,Rep,GA,R
Poe,Ted,9/10/1948,M,Rep,TX,R
Perlmutter,Ed,5/1/1953,M,Rep,CO,D
Paulsen,Erik,5/14/1965,M,Rep,MN,R
Peters,Gary,12/1/1958,M,Rep,MI,D
Pierluisi,Pedro,4/26/1959,M,Rep,PR,D
Pingree,Chellie,4/2/1955,F,Rep,ME,D
Polis,Jared,5/12/1975,M,Rep,CO,D
Posey,Bill,12/18/1947,M,Rep,FL,R
Perriello,Thomas,10/9/1974,M,Rep,VA,D
Palazzo,Steven,2/21/1970,M,Rep,MS,R
Pompeo,Mike,12/30/1963,M,Rep,KS,R
Paul,Rand,1/7/1963,M,Sen,KY,R
Payne,Donald,12/17/1958,M,Rep,NJ,D
Perry,Scott,5/27/1962,M,Rep,PA,R
Pittenger,Robert,8/15/1948,M,Rep,NC,R
Pocan,Mark,8/14/1964,M,Rep,WI,D
Peters,Scott,6/17/1958,M,Rep,CA,D
Quigley,Mike,10/17/1958,M,Rep,IL,D
Quayle,Ben,11/3/1976,M,Rep,AZ,R
Radanovich,George,6/20/1955,M,Rep,CA,R
Rahall,Nick,5/20/1949,M,Rep,WV,D
Ramstad,James,5/6/1946,M,Rep,MN,R
Rangel,Charles,6/11/1930,M,Rep,NY,D
Reed,John,11/12/1949,M,Sen,RI,D
Regula,Ralph,12/3/1924,M,Rep,OH,R
Reid,Harry,12/2/1939,M,Sen,NV,D
Reyes,Silvestre,11/10/1944,M,Rep,TX,D
Roberts,Pat,4/20/1936,M,Sen,KS,R
Rockefeller,John,6/18/1937,M,Sen,WV,D
Rogers,Harold,12/31/1937,M,Rep,KY,R
Rohrabacher,Dana,6/21/1947,M,Rep,CA,R
Ros-Lehtinen,Ileana,7/15/1952,F,Rep,FL,R
Rothman,Steven,10/14/1952,M,Rep,NJ,D
Roybal-Allard,Lucille,6/12/1941,F,Rep,CA,D
Royce,Edward,10/12/1951,M,Rep,CA,R
Rush,Bobby,11/23/1946,M,Rep,IL,D
Rodriguez,Ciro,12/9/1946,M,Rep,TX,D
Reynolds,Thomas,9/3/1950,M,Rep,NY,R
Ryan,Paul,1/29/1970,M,Rep,WI,R
Rehberg,Dennis,10/5/1955,M,Rep,MT,R
Rogers,Mike,6/2/1963,M,Rep,MI,R
Ross,Mike,8/2/1961,M,Rep,AR,D
Renzi,Rick,6/11/1958,M,Rep,AZ,R
Rogers,Mike,7/16/1958,M,Rep,AL,R
Ruppersberger,C.,1/31/1946,M,Rep,MD,D
Ryan,Tim,7/16/1973,M,Rep,OH,D
Reichert,David,8/29/1950,M,Rep,WA,R
Roskam,Peter,9/13/1961,M,Rep,IL,R
Richardson,Laura,4/14/1962,F,Rep,CA,D
Roe,David,7/21/1945,M,Rep,TN,R
Rooney,Thomas,11/21/1970,M,Rep,FL,R
Risch,James,5/3/1943,M,Sen,ID,R
Reed,Tom,11/18/1971,M,Rep,NY,R
Renacci,James,12/3/1958,M,Rep,OH,R
Ribble,Reid,4/5/1956,M,Rep,WI,R
Richmond,Cedric,9/13/1973,M,Rep,LA,D
Rigell,E.,5/28/1960,M,Rep,VA,R
Rivera,David,9/16/1965,M,Rep,FL,R
Roby,Martha,7/27/1976,F,Rep,AL,R
Rokita,Todd,2/9/1970,M,Rep,IN,R
Ross,Dennis,10/18/1959,M,Rep,FL,R
Runyan,Jon,11/27/1973,M,Rep,NJ,R
Rubio,Marco,5/28/1971,M,Sen,FL,R
Radel,Trey,4/20/1976,M,Rep,FL,R
Rice,Tom,8/4/1957,M,Rep,SC,R
Rothfus,Keith,4/25/1962,M,Rep,PA,R
Ruiz,Raul,8/25/1972,M,Rep,CA,D
Salmon,Matt,1/21/1958,M,Rep,AZ,R
Sanchez,Loretta,1/7/1960,F,Rep,CA,D
Sanders,Bernard,9/8/1941,M,Sen,VT,I
Saxton,H.,1/22/1943,M,Rep,NJ,R
Schumer,Charles,11/23/1950,M,Sen,NY,D
Scott,Robert,4/30/1947,M,Rep,VA,D
Sensenbrenner,F.,6/14/1943,M,Rep,WI,R
Serrano,José,10/24/1943,M,Rep,NY,D
Sessions,Pete,3/22/1955,M,Rep,TX,R
Shadegg,John,10/22/1949,M,Rep,AZ,R
Shelby,Richard,5/6/1934,M,Sen,AL,R
Sherman,Brad,10/24/1954,M,Rep,CA,D
Shimkus,John,2/21/1958,M,Rep,IL,R
Skelton,Ike,12/20/1931,M,Rep,MO,D
Slaughter,Louise,8/14/1929,F,Rep,NY,D
Smith,Adam,6/15/1965,M,Rep,WA,D
Smith,Christopher,3/4/1953,M,Rep,NJ,R
Smith,Lamar,11/19/1947,M,Rep,TX,R
Snowe,Olympia,2/21/1947,F,Sen,ME,R
Snyder,Victor,9/27/1947,M,Rep,AR,D
Specter,Arlen,2/12/1930,M,Sen,PA,D
Spratt,John,11/1/1942,M,Rep,SC,D
Stabenow,Debbie,4/29/1950,F,Sen,MI,D
Stark,Fortney,11/11/1931,M,Rep,CA,D
Stearns,Clifford,4/16/1941,M,Rep,FL,R
Stevens,Ted,11/18/1923,M,Sen,AK,R
Stockman,Steve,11/14/1956,M,Rep,TX,R
Stupak,Bart,2/29/1952,M,Rep,MI,D
Sununu,John,9/10/1964,M,Sen,NH,R
Sessions,Jefferson,12/24/1946,M,Sen,AL,R
Smith,Gordon,5/25/1952,M,Sen,OR,R
Souder,Mark,7/18/1950,M,Rep,IN,R
Shays,Christopher,10/18/1945,M,Rep,CT,R
Schakowsky,Janice,5/26/1944,F,Rep,IL,D
Simpson,Michael,9/8/1950,M,Rep,ID,R
Schiff,Adam,6/22/1960,M,Rep,CA,D
Solis,Hilda,10/20/1957,F,Rep,CA,D
Shuster,Bill,1/10/1961,M,Rep,PA,R
Sullivan,John,1/1/1965,M,Rep,OK,R
Sánchez,Linda,1/28/1969,F,Rep,CA,D
Scott,David,6/27/1946,M,Rep,GA,D
Salazar,John,7/21/1953,M,Rep,CO,D
Schwartz,Allyson,10/3/1948,F,Rep,PA,D
Salazar,Ken,3/2/1955,M,Sen,CO,D
Schmidt,Jean,11/29/1951,F,Rep,OH,R
Sires,Albio,1/26/1951,M,Rep,NJ,D
Sali,Bill,2/17/1954,M,Rep,ID,R
Sarbanes,John,5/22/1962,M,Rep,MD,D
Sestak,Joe,12/12/1951,M,Rep,PA,D
Shea-Porter,Carol,12/2/1952,F,Rep,NH,D
Shuler,Heath,12/31/1971,M,Rep,NC,D
Smith,Adrian,12/19/1970,M,Rep,NE,R
Space,Zachary,1/27/1961,M,Rep,OH,D
Sutton,Betty,7/31/1963,F,Rep,OH,D
Speier,Jackie,5/14/1950,F,Rep,CA,D
Scalise,Steve,10/6/1965,M,Rep,LA,R
Sablan,Gregorio,1/19/1955,M,Rep,MP,D
Schauer,Mark,10/2/1961,M,Rep,MI,D
Schock,Aaron,5/28/1981,M,Rep,IL,R
Schrader,Kurt,10/19/1951,M,Rep,OR,D
Shaheen,Jeanne,1/28/1947,F,Sen,NH,D
Schilling,Robert,1/23/1964,M,Rep,IL,R
Schweikert,David,3/3/1962,M,Rep,AZ,R
Scott,Tim,9/19/1965,M,Sen,SC,R
Sewell,Terri,1/1/1965,F,Rep,AL,D
Southerland,Steve,10/10/1965,M,Rep,FL,R
Stivers,Steve,3/24/1965,M,Rep,OH,R
Stutzman,Marlin,8/31/1976,M,Rep,IN,R
Scott,Austin,12/10/1969,M,Rep,GA,R
Schneider,Bradley,8/20/1961,M,Rep,IL,D
Sinema,Kyrsten,7/12/1976,F,Rep,AZ,D
Stewart,Chris,7/15/1960,M,Rep,UT,R
Swalwell,Eric,11/16/1980,M,Rep,CA,D
Schatz,Brian,10/20/1972,M,Sen,HI,D
Tanner,John,9/22/1944,M,Rep,TN,D
Tauscher,Ellen,11/15/1951,F,Rep,CA,D
Taylor,Gene,9/17/1953,M,Rep,MS,D
Thompson,Bennie,1/28/1948,M,Rep,MS,D
Thornberry,Mac,7/15/1958,M,Rep,TX,R
Thune,John,1/7/1961,M,Sen,SD,R
Tiahrt,Todd,6/15/1951,M,Rep,KS,R
Tierney,John,9/18/1951,M,Rep,MA,D
Towns,Edolphus,7/21/1934,M,Rep,NY,D
Tancredo,Thomas,12/20/1945,M,Rep,CO,R
Terry,Lee,1/29/1962,M,Rep,NE,R
Thompson,Mike,1/24/1951,M,Rep,CA,D
Toomey,Patrick,11/17/1961,M,Sen,PA,R
Tiberi,Patrick,10/21/1962,M,Rep,OH,R
Turner,Michael,1/11/1960,M,Rep,OH,R
Tester,Jon,8/21/1956,M,Sen,MT,D
Tsongas,Niki,4/26/1946,F,Rep,MA,D
Teague,Harry,6/29/1949,M,Rep,NM,D
Thompson,Glenn,7/27/1959,M,Rep,PA,R
Titus,Dina,5/23/1950,F,Rep,NV,D
Tonko,Paul,6/18/1949,M,Rep,NY,D
Tipton,Scott,11/9/1956,M,Rep,CO,R
Turner,Robert,5/2/1941,M,Rep,NY,R
Takano,Mark,12/10/1960,M,Rep,CA,D
Upton,Fred,4/23/1953,M,Rep,MI,R
Udall,Mark,7/18/1950,M,Sen,CO,D
Udall,Tom,5/18/1948,M,Sen,NM,D
Velázquez,Nydia,3/28/1953,F,Rep,NY,D
Visclosky,Peter,8/13/1949,M,Rep,IN,D
Voinovich,George,7/15/1936,M,Sen,OH,R
Vitter,David,5/3/1961,M,Sen,LA,R
Van Hollen,Chris,1/10/1959,M,Rep,MD,D
Valadao,David,4/14/1977,M,Rep,CA,R
Vargas,Juan,3/7/1961,M,Rep,CA,D
Veasey,Marc,1/3/1971,M,Rep,TX,D
Vela,Filemon,2/13/1963,M,Rep,TX,D
Walsh,James,6/19/1947,M,Rep,NY,R
Wamp,Zach,10/28/1957,M,Rep,TN,R
Warner,John,2/18/1927,M,Sen,VA,R
Waters,Maxine,8/15/1938,F,Rep,CA,D
Watt,Melvin,8/26/1945,M,Rep,NC,D
Waxman,Henry,9/12/1939,M,Rep,CA,D
Weldon,David,8/31/1953,M,Rep,FL,R
Weller,Gerald,7/7/1957,M,Rep,IL,R
Wexler,Robert,1/2/1961,M,Rep,FL,D
Whitfield,Ed,5/25/1943,M,Rep,KY,R
Wicker,Roger,7/5/1951,M,Sen,MS,R
Wolf,Frank,1/30/1939,M,Rep,VA,R
Woolsey,Lynn,11/3/1937,F,Rep,CA,D
Wyden,Ron,5/3/1949,M,Sen,OR,D
Wynn,Albert,9/10/1951,M,Rep,MD,D
Wilson,Heather,12/30/1960,F,Rep,NM,R
Walden,Greg,1/10/1957,M,Rep,OR,R
Weiner,Anthony,9/4/1964,M,Rep,NY,D
Wu,David,4/8/1955,M,Rep,OR,D
Watson,Diane,11/12/1933,F,Rep,CA,D
Wilson,Joe,7/31/1947,M,Rep,SC,R
Westmoreland,Lynn,4/2/1950,M,Rep,GA,R
Wasserman Schultz,Debbie,9/27/1966,F,Rep,FL,D
Walberg,Tim,4/12/1951,M,Rep,MI,R
Walz,Timothy,4/6/1964,M,Rep,MN,D
Welch,Peter,5/2/1947,M,Rep,VT,D
Wilson,Charles,1/18/1943,M,Rep,OH,D
Whitehouse,Sheldon,10/20/1955,M,Sen,RI,D
Webb,Jim,2/9/1946,M,Sen,VA,D
Wittman,Robert,2/3/1959,M,Rep,VA,R
Warner,Mark,12/15/1954,M,Sen,VA,D
Webster,Daniel,4/27/1949,M,Rep,FL,R
West,Allen,2/7/1961,M,Rep,FL,R
Wilson,Frederica,11/5/1942,F,Rep,FL,D
Womack,Steve,2/18/1957,M,Rep,AR,R
Woodall,Rob,2/11/1970,M,Rep,GA,R
Walsh,Joe,12/27/1961,M,Rep,IL,R
Wagner,Ann,9/13/1962,F,Rep,MO,R
Walorski,Jackie,8/17/1963,F,Rep,IN,R
Weber,Randy,7/2/1953,M,Rep,TX,R
Wenstrup,Brad,6/17/1958,M,Rep,OH,R
Williams,Roger,9/13/1949,M,Rep,TX,R
Warren,Elizabeth,6/22/1949,F,Sen,MA,D
Young,C.,12/16/1930,M,Rep,FL,R
Young,Don,6/9/1933,M,Rep,AK,R
Yarmuth,John,11/4/1947,M,Rep,KY,D
Yoder,Kevin,1/8/1976,M,Rep,KS,R
Young,Todd,8/24/1972,M,Rep,IN,R
Yoho,Ted,4/13/1955,M,Rep,FL,R
